Gene1,Gene2
BCL11B,CCNA2
BCL11B,TACC3
BCL11B,ORC5
BCL11B,HSPE1
BCL11B,TOMM22
BCL11B,RANBP1
BCL11B,ATP5G1
BCL11B,TUBA1B
BCL11B,MDH2
BCL11B,RCC1
BCL11B,EIF2S1
BCL11B,SMC2
BCL11B,KIF20B
BCL11B,RFESD
BCL11B,DCK
BCL11B,BIRC5
BCL11B,CKS1B
BCL11B,RPS27L
BCL11B,BIN2
BCL11B,HSP90AA1
BCL11B,CBX5
BCL11B,ACSS1
BCL11B,NCL
BCL11B,TOMM40
BCL11B,ECT2
BCL11B,NUF2
BCL11B,ADK
BCL11B,ANXA5
BCL11B,SLBP
BCL11B,TXNL1
BCL11B,SLC25A3
BCL11B,FTH1
BCL11B,CARHSP1
BCL11B,COX6B1
BCL11B,H2AFX
BCL11B,TBC1D10C
BCL11B,TSPAN33
BCL11B,POLD1
BCL11B,HDGF
BCL11B,PSMD9
BCL11B,NUP107
BCL11B,CKAP2L
BCL11B,LIMD2
BCL11B,SLC20A1
BCL11B,NUP155
BCL11B,ADGRG1
BCL11B,METTL8
BCL11B,NECAP2
BCL11B,HAGH
BCL11B,POU2AF1
BCL11B,ME2
BCL11B,STT3B
BCL11B,UROS
BCL11B,EIF5A
BCL11B,SOD1
BCL11B,CKAP2
BCL11B,CYC1
BCL11B,VKORC1L1
BCL11B,SLC25A5
BCL11B,TXNRD2
BCL11B,TMEM173
BCL11B,LIG1
BCL11B,IDH3A
BCL11B,PPAT
BCL11B,CDC6
BCL11B,GIMAP5
BCL11B,C1QBP
BCL11B,FAM126A
BCL11B,CDT1
BCL11B,NPM1
BCL11B,DDIAS
BCL11B,NUP93
BCL11B,GFI1
BCL11B,DDX39
BCL11B,GIMAP1
BCL11B,TNFAIP8
BCL11B,FPGS
BCL11B,NOLC1
BCL11B,SLC25A38
BCL11B,VAMP5
BCL11B,CS
BCL11B,CIP2A
BCL11B,FECH
BCL11B,PNO1
BCL11B,TUBB4B
BCL11B,STAT6
BCL11B,MTHFD1
BCL11B,CDCA3
BCL11B,CDC45
BCL11B,SPC24
BCL11B,CENPK
BCL11B,EIF3G
BCL11B,TUBB5
BCL11B,PSME3
BCL11B,LARS2
BCL11B,JUNB
BCL11B,ALDH18A1
BCL11B,PIGQ
BCL11B,PBK
BCL11B,HDAC2
BCL11B,HSPA8
BCL11B,INCENP
BCL11B,NUP85
BCL11B,CAD
BCL11B,CCNE2
BCL11B,DHFR
BCL11B,DTL
BCL11B,ORC2
BCL11B,KNSTRN
BCL11B,MGST3
BCL11B,XPNPEP1
BCL11B,ARHGEF6
BCL11B,BCL11B
BCL11B,PCLAF
BCL11B,LGALS9
BCL11B,D1ERTD622E
BCL11B,CORO1A
BCL11B,HMMR
BCL11B,PPM1L
BCL11B,ELMO1
BCL11B,MYH10
BCL11B,CYTH3
BCL11B,CDC7
BCL11B,CDC20
BCL11B,GMNN
BCL11B,TYMS
BCL11B,PLPP1
BCL11B,HNRNPAB
BCL11B,RRM1
BCL11B,RRM2
BCL11B,AP3S1
BCL11B,SMC4
BCL11B,SLC39A8
BCL11B,CRIP2
BCL11B,HCFC1
BCL11B,CD27
BCL11B,LTB
BCL11B,GSTM1
BCL11B,DDX21
BCL11B,FAM234B
BCL11B,CTLA2A
BCL11B,SPIRE1
BCL11B,PRC1
BCL11B,NHP2
BCL11B,PRKAR2B
BCL11B,ATP5F1
BCL11B,PHF10
BCL11B,GTF2F1
BCL11B,IKZF1
BCL11B,ARHGDIB
BCL11B,RAG2
BCL11B,ASF1B
BCL11B,PLCB2
BCL11B,REEP6
BCL11B,ARHGAP19
BCL11B,POLA2
BCL11B,SLC29A1
BCL11B,ESR1
BCL11B,ATP5B
BCL11B,ESCO2
BCL11B,FOXO1
BCL11B,LSP1
BCL11B,SLC43A1
BCL11B,PIK3IP1
BCL11B,PRIM1
BCL11B,HACD4
BCL11B,MFSD2B
BCL11B,IRF8
BCL11B,HLF
BCL11B,MNDAL
BCL11B,SERPINA3G
BCL11B,LYZ2
BCL11B,GFI1B
BCL11B,AURKB
BCL11B,LY6A
BCL11B,EPOR
BCL11B,NFIA
BCL11B,MECOM
BCL11B,IFITM3
BCL11B,SPTA1
ESR1,HAGH
ESR1,CRIP2
ESR1,NUF2
ESR1,MTHFD1
ESR1,SH3TC2
ESR1,ATP5F1
ESR1,LARS2
ESR1,DDX39
ESR1,TBC1D10C
ESR1,ADK
ESR1,NOLC1
ESR1,GTF2F1
ESR1,ANXA5
ESR1,C1QBP
ESR1,RRM1
ESR1,CDC7
ESR1,RANBP1
ESR1,TNFAIP8
ESR1,PNO1
ESR1,SLC25A3
ESR1,IDH3A
ESR1,CDCA3
ESR1,DTL
ESR1,SLBP
ESR1,SMC2
ESR1,CBX5
ESR1,SLC29A1
ESR1,PPAT
ESR1,SLC43A1
ESR1,H2AFX
ESR1,CYC1
ESR1,PIGQ
ESR1,CENPK
ESR1,TACC3
ESR1,RPS27L
ESR1,HSPE1
ESR1,HSP90AA1
ESR1,NHP2
ESR1,STT3B
ESR1,TXNL1
ESR1,CARHSP1
ESR1,HSPA8
ESR1,CCNE2
ESR1,EIF2S1
ESR1,SLC20A1
ESR1,NCL
ESR1,EIF5A
ESR1,MYLK3
ESR1,ASF1B
ESR1,PPM1L
ESR1,NUP85
ESR1,GSTM1
ESR1,FTH1
ESR1,HDAC2
ESR1,AP3S1
ESR1,TOMM40
ESR1,UROS
ESR1,ATP5G1
ESR1,MDH2
ESR1,RFESD
ESR1,CS
ESR1,FECH
ESR1,BIRC5
ESR1,LSP1
ESR1,JUNB
ESR1,CDT1
ESR1,CCNA2
ESR1,PSMD9
ESR1,SOD1
ESR1,CD63
ESR1,NUP93
ESR1,HNRNPAB
ESR1,NUP107
ESR1,PSME3
ESR1,HDGF
ESR1,NUP155
ESR1,FPGS
ESR1,SLC25A5
ESR1,XPNPEP1
ESR1,LGALS9
ESR1,ORC5
ESR1,NPM1
ESR1,TOMM22
ESR1,HLF
ESR1,TXNRD2
ESR1,DCK
ESR1,TUBA1B
ESR1,GNG11
ESR1,TUBB4B
ESR1,VKORC1L1
ESR1,PLPP1
ESR1,PRC1
ESR1,DDIAS
ESR1,CDC20
ESR1,ATP5B
ESR1,CD34
ESR1,MECOM
ESR1,SLC25A38
ESR1,NECAP2
ESR1,CDC45
ESR1,ME2
ESR1,CKS1B
ESR1,FAM234B
ESR1,DHFR
ESR1,GMNN
ESR1,RCC1
ESR1,STAT6
ESR1,POLD1
ESR1,MYH10
ESR1,EIF3G
ESR1,FOXO1
ESR1,ECT2
ESR1,SMC4
ESR1,METTL8
ESR1,CAD
ESR1,CDC6
ESR1,ARHGAP19
ESR1,KNSTRN
ESR1,LIG1
ESR1,RRM2
ESR1,PRKAR2B
ESR1,FAM126A
ESR1,ALDH1A1
ESR1,INCENP
ESR1,PHF10
ESR1,POLA2
ESR1,COX6B1
ESR1,CTLA2A
ESR1,IFITM3
ESR1,ESCO2
ESR1,CKAP2L
ESR1,ARHGEF6
ESR1,SMIM1
ESR1,MGST3
ESR1,PIK3IP1
ESR1,HCFC1
ESR1,D1ERTD622E
ESR1,DDX21
ESR1,CYTH3
ESR1,CIP2A
ESR1,SPC24
ESR1,LY6A
ESR1,SLC26A1
ESR1,TMEM173
ESR1,ESAM
ESR1,ADGRG1
ESR1,SLC39A8
ESR1,HMMR
ESR1,SLC40A1
ESR1,KIF20B
ESR1,PKLR
ESR1,ELMO1
ESR1,ALDH18A1
ESR1,ORC2
ESR1,NFIA
ESR1,REEP6
ESR1,VAMP5
ESR1,CKAP2
ESR1,PAQR9
ESR1,ESR1
ESR1,GFI1
ESR1,IRF8
ESR1,LIMD2
ESR1,TSPAN33
ESR1,ADD2
ESR1,TUBB5
ESR1,PRIM1
ESR1,COX7B
ESR1,ACSS1
ESR1,GDF3
ESR1,PLCB2
ESR1,MNDAL
ESR1,SPTA1
FOXO1,JUNB
FOXO1,CCNE2
FOXO1,LTB
FOXO1,NUF2
FOXO1,POLA2
FOXO1,LIMD2
FOXO1,ACSS1
FOXO1,CENPK
FOXO1,DHFR
FOXO1,TXNL1
FOXO1,ECT2
FOXO1,VKORC1L1
FOXO1,FTH1
FOXO1,H2AFX
FOXO1,HSP90AA1
FOXO1,RFESD
FOXO1,CDCA3
FOXO1,HAGH
FOXO1,RCC1
FOXO1,LIG1
FOXO1,PIK3IP1
FOXO1,ADK
FOXO1,PPAT
FOXO1,GMNN
FOXO1,EIF2S1
FOXO1,CDC45
FOXO1,HDGF
FOXO1,MTHFD1
FOXO1,FOXO1
FOXO1,METTL8
FOXO1,EIF5A
FOXO1,ANXA5
FOXO1,HDAC2
FOXO1,TACC3
FOXO1,ATP5G1
FOXO1,CDC20
FOXO1,PRIM1
FOXO1,NUP107
FOXO1,IKZF1
FOXO1,PRKAR2B
FOXO1,SLBP
FOXO1,INCENP
GFI1,ASF1B
GFI1,RFESD
GFI1,RANBP1
GFI1,PCLAF
GFI1,GFI1B
GFI1,LIG1
GFI1,D1ERTD622E
GFI1,ORC5
GFI1,DDIAS
GFI1,BIRC5
GFI1,NOLC1
GFI1,CENPK
GFI1,MTHFD1
GFI1,PPAT
GFI1,ADK
GFI1,H2AFX
GFI1,DHFR
GFI1,DTL
GFI1,ME2
GFI1,CDC7
GFI1,CDCA3
GFI1,SLC25A3
GFI1,SLBP
GFI1,HDAC2
GFI1,C1QBP
GFI1,DDX21
GFI1,CAD
GFI1,METTL8
GFI1,DDX39
GFI1,NPM1
GFI1,PSME3
GFI1,CCNA2
GFI1,RPS27L
GFI1,PNO1
GFI1,LARS2
GFI1,PRC1
GFI1,PLPP1
GFI1,VKORC1L1
GFI1,PIGQ
GFI1,FTH1
GFI1,CIP2A
GFI1,TACC3
GFI1,DCK
GFI1,TXNL1
GFI1,ANXA5
GFI1,CKAP2
GFI1,IDH3A
GFI1,NUP85
GFI1,RRM1
GFI1,HAGH
GFI1,EIF5A
GFI1,NUP107
GFI1,ECT2
GFI1,SLC20A1
GFI1,STT3B
GFI1,HSPE1
GFI1,TUBB4B
GFI1,NUP93
GFI1,GMNN
GFI1,CDT1
GFI1,ORC2
GFI1,TYMS
GFI1,CYTH3
GFI1,XPNPEP1
GFI1,PSMD9
GFI1,TUBA1B
GFI1,ALDH18A1
GFI1,TOMM40
GFI1,CS
GFI1,NUF2
GFI1,MGST3
GFI1,MDH2
GFI1,RRM2
GFI1,SLC39A8
GFI1,TXNRD2
GFI1,CBX5
GFI1,FAM126A
GFI1,ATP5F1
GFI1,NCL
GFI1,PBK
GFI1,NUP155
GFI1,ESCO2
GFI1,FOXO1
GFI1,FECH
GFI1,HMMR
GFI1,HDGF
GFI1,KIF20B
GFI1,ARHGAP19
GFI1,SOD1
GFI1,TNFAIP8
GFI1,HNRNPAB
GFI1,EIF2S1
GFI1,SMC2
GFI1,POLA2
GFI1,PHF10
GFI1,UROS
GFI1,PPM1L
GFI1,PRKAR2B
GFI1,ATP5B
GFI1,FPGS
GFI1,SMC4
GFI1,INCENP
GFI1,SLC25A38
GFI1,POLD1
GFI1,CCNE2
GFI1,ELMO1
GFI1,HSP90AA1
GFI1,GTF2F1
GFI1,AP3S1
GFI1,RCC1
GFI1,EIF3G
GFI1,STAT6
GFI1,KNSTRN
GFI1,HSPA8
GFI1,COX6B1
GFI1,GFI1
GFI1,SLC40A1
GFI1,SLC25A5
GFI1,CDC20
GFI1,FAM234B
GFI1,ARHGEF6
GFI1,CARHSP1
GFI1,CD63
GFI1,HLF
GFI1,TOMM22
GFI1,CKAP2L
GFI1,ATP5G1
GFI1,SPC24
GFI1,IKZF1
GFI1,CYC1
GFI1,SLC43A1
GFI1,GNG11
GFI1,MYH10
GFI1,ACSS1
GFI1,VAMP5
GFI1,CDC45
GFI1,NHP2
GFI1,PRIM1
GFI1,MFSD2B
GFI1,SLC29A1
GFI1,CDC6
GFI1,NFIA
GFI1,AURKB
GFI1,NECAP2
GFI1,TBC1D10C
GFI1,CKS1B
GFI1,IRF8
GFI1,ARHGDIB
GFI1,JUNB
GFI1,TSPAN33
GFI1,GSTM1
GFI1,PRSS50
GFI1,CD34
GFI1,MECOM
GFI1,REEP6
GFI1,PAQR9
GFI1,ADD2
GFI1,HBA-A2
GFI1,BIN2
GFI1,CRIP2
GFI1,TUBB5
GFI1,HCFC1
GFI1,LIMD2
GFI1,TMEM173
GFI1,LGALS9
GFI1,CORO1A
GFI1,SMIM1
GFI1,LTB
GFI1,GIMAP5
GFI1,MYLK3
GFI1,EPOR
GFI1B,GFI1B
GFI1B,ASF1B
GFI1B,D1ERTD622E
GFI1B,PCLAF
GFI1B,HNRNPAB
GFI1B,RANBP1
GFI1B,BIRC5
GFI1B,NUF2
GFI1B,MYLK3
GFI1B,RFESD
GFI1B,LIMD2
GFI1B,TMEM173
GFI1B,EIF2S1
GFI1B,GFI1
GFI1B,LIG1
GFI1B,CDCA3
GFI1B,LARS2
GFI1B,CKS1B
GFI1B,NOLC1
GFI1B,ALDH18A1
GFI1B,TYMS
GFI1B,RRM1
GFI1B,PBK
GFI1B,ORC5
GFI1B,ADK
GFI1B,HDGF
GFI1B,CDC7
GFI1B,PIGQ
GFI1B,ESCO2
GFI1B,FOXO1
GFI1B,MTHFD1
GFI1B,IKZF1
GFI1B,HSPE1
GFI1B,TACC3
GFI1B,GMNN
GFI1B,MNDAL
GFI1B,UROS
GFI1B,ECT2
GFI1B,NPM1
GFI1B,CDT1
GFI1B,ATP5F1
GFI1B,IRF8
GFI1B,CIP2A
GFI1B,FTH1
GFI1B,SLC39A8
GFI1B,CENPK
GFI1B,DTL
GFI1B,CKAP2
GFI1B,EPOR
GFI1B,ARHGDIB
GFI1B,NUP155
GFI1B,BIN2
GFI1B,CDC45
GFI1B,PRSS50
GFI1B,EIF3G
GFI1B,NUP85
GFI1B,CDC6
GFI1B,SLBP
GFI1B,DHFR
GFI1B,DDIAS
GFI1B,C1QBP
GFI1B,PLPP1
GFI1B,NCL
GFI1B,HDAC2
GFI1B,CCNE2
GFI1B,VAMP5
GFI1B,PSME3
GFI1B,CCNA2
GFI1B,METTL8
GFI1B,HSP90AA1
GFI1B,SLC25A38
GFI1B,PHF10
GFI1B,H2AFX
GFI1B,PSMD9
GFI1B,CS
GFI1B,CTLA2A
GFI1B,TUBA1B
GFI1B,GTF2F1
GFI1B,NECAP2
GFI1B,KIF20B
GFI1B,TOMM40
GFI1B,TXNL1
GFI1B,ESR1
GFI1B,PPAT
GFI1B,SLC25A3
GFI1B,DCK
GFI1B,ME2
GFI1B,SLC20A1
GFI1B,CKAP2L
GFI1B,SPC24
HCFC1,PRIM1
HCFC1,KNSTRN
HCFC1,ARHGAP19
HCFC1,LIG1
HCFC1,LARS2
HCFC1,NUF2
HCFC1,METTL8
HCFC1,RRM1
HCFC1,PIGQ
HCFC1,CDC6
HCFC1,C1QBP
HCFC1,TOMM22
HCFC1,CDC45
HCFC1,NECAP2
HCFC1,NUP155
HCFC1,NOLC1
HCFC1,FPGS
HCFC1,ATP5G1
HCFC1,GTF2F1
HCFC1,CDCA3
HCFC1,NUP107
HCFC1,PSMD9
HCFC1,MGST3
HCFC1,EIF3G
HCFC1,ESCO2
HCFC1,ORC5
HCFC1,ATP5F1
HCFC1,TACC3
HCFC1,CCNA2
HCFC1,COX6B1
HCFC1,CENPK
HCFC1,RANBP1
HCFC1,TXNL1
HCFC1,RPS27L
HCFC1,NUP93
HCFC1,HSPE1
HCFC1,COX7B
HCFC1,CYC1
HCFC1,SMC2
HCFC1,PNO1
HCFC1,HDGF
HCFC1,EIF2S1
HCFC1,BIRC5
HCFC1,RFESD
HCFC1,TUBB5
HCFC1,PSME3
HCFC1,ORC2
HCFC1,DDX21
HCFC1,KIF20B
HCFC1,HNRNPAB
HCFC1,NUP85
HCFC1,PPAT
HCFC1,ADK
HCFC1,AP3S1
HCFC1,MDH2
HCFC1,MTHFD1
HCFC1,SMC4
HCFC1,CIP2A
HCFC1,UROS
HCFC1,TOMM40
HCFC1,SLC25A3
HCFC1,HMMR
HCFC1,FAM234B
HCFC1,ATP5B
HCFC1,SLC25A38
HCFC1,CDC20
HCFC1,CKAP2L
HCFC1,PBK
HCFC1,CDT1
HCFC1,NPM1
HCFC1,SLBP
HCFC1,HAGH
HCFC1,GMNN
HCFC1,BIN2
HCFC1,INCENP
HCFC1,H2AFX
HCFC1,TYMS
HCFC1,DDX39
HCFC1,POLD1
HCFC1,NHP2
HCFC1,HSPA8
HCFC1,EIF5A
HCFC1,ME2
HCFC1,IDH3A
HCFC1,NCL
HCFC1,CDC7
HCFC1,CS
HCFC1,HSP90AA1
HCFC1,CKS1B
HCFC1,HCFC1
HCFC1,SPC24
HCFC1,POLA2
HCFC1,DTL
HCFC1,XPNPEP1
HCFC1,DDIAS
HCFC1,SOD1
HCFC1,ECT2
HCFC1,TUBB4B
HCFC1,HDAC2
HCFC1,CAD
HCFC1,PPM1L
HCFC1,ASF1B
HCFC1,TUBA1B
HCFC1,STAT6
HCFC1,GIMAP1
HCFC1,CBX5
HCFC1,TBC1D10C
HCFC1,CKAP2
HCFC1,LIMD2
HCFC1,TXNRD2
HCFC1,FTH1
HCFC1,FECH
HCFC1,ALDH18A1
HCFC1,PRC1
HCFC1,RRM2
HCFC1,DCK
HCFC1,SLC25A5
HCFC1,DHFR
HCFC1,RCC1
HCFC1,JUNB
HCFC1,GSTM1
HCFC1,AURKB
HCFC1,SLC20A1
HCFC1,CCNE2
HCFC1,STT3B
HCFC1,PIK3IP1
HCFC1,EPOR
HCFC1,ANXA5
HCFC1,MYH10
HCFC1,SH3TC2
HCFC1,FOXO1
HCFC1,HLF
HCFC1,CORO1A
HCFC1,REEP6
HCFC1,PLPP1
HCFC1,FAM126A
HCFC1,LGALS9
HCFC1,ARHGDIB
HCFC1,CARHSP1
HCFC1,ELMO1
HCFC1,CRIP2
HCFC1,PRKAR2B
HCFC1,SLC39A8
HCFC1,PRSS50
HCFC1,PCLAF
HCFC1,MYLK3
HCFC1,TMEM173
HCFC1,PLCB2
HCFC1,ESR1
HCFC1,CYTH3
HCFC1,VAMP5
HCFC1,ACSS1
HCFC1,GFI1B
HCFC1,SMIM1
HCFC1,GIMAP5
HCFC1,HBA-A2
HCFC1,SLC40A1
HCFC1,LSP1
HCFC1,TNFAIP8
HCFC1,HACD4
HCFC1,PHF10
HCFC1,VKORC1L1
HCFC1,SLC26A1
HCFC1,GFI1
HCFC1,PKLR
HCFC1,PAQR9
HCFC1,MFSD2B
HCFC1,RHD
HCFC1,GDF3
HCFC1,SPTA1
HCFC1,SLC43A1
HCFC1,POU2AF1
HCFC1,CD63
HCFC1,ARHGEF6
HCFC1,TSPAN33
HCFC1,ADD2
HCFC1,D1ERTD622E
HDAC2,NUP107
HDAC2,NOLC1
HDAC2,NUF2
HDAC2,CDC6
HDAC2,KIF20B
HDAC2,RANBP1
HDAC2,PSME3
HDAC2,CCNA2
HDAC2,NUP155
HDAC2,CENPK
HDAC2,ASF1B
HDAC2,ORC5
HDAC2,BIRC5
HDAC2,TOMM40
HDAC2,CKAP2L
HDAC2,PSMD9
HDAC2,TACC3
HDAC2,POLD1
HDAC2,PPAT
HDAC2,RRM1
HDAC2,KNSTRN
HDAC2,TOMM22
HDAC2,PBK
HDAC2,MTHFD1
HDAC2,CKAP2
HDAC2,ECT2
HDAC2,NUP93
HDAC2,HSPE1
HDAC2,INCENP
HDAC2,SMC2
HDAC2,ADK
HDAC2,HSP90AA1
HDAC2,DDX21
HDAC2,FPGS
HDAC2,VKORC1L1
HDAC2,CDC20
HDAC2,C1QBP
HDAC2,DTL
HDAC2,NUP85
HDAC2,HDGF
HDAC2,ATP5G1
HDAC2,SLC20A1
HDAC2,NHP2
HDAC2,SOD1
HDAC2,RFESD
HDAC2,NECAP2
HDAC2,ME2
HDAC2,HDAC2
HDAC2,METTL8
HDAC2,MDH2
HDAC2,GTF2F1
HDAC2,SLBP
HDAC2,PRC1
HDAC2,CAD
HDAC2,RPS27L
HDAC2,TXNRD2
HDAC2,CDT1
HDAC2,NPM1
HDAC2,HAGH
HDAC2,DHFR
HDAC2,LARS2
HDAC2,ATP5F1
HDAC2,ANXA5
HDAC2,ESCO2
HDAC2,CKS1B
HDAC2,TXNL1
HDAC2,PNO1
HDAC2,DCK
HDAC2,LIG1
HDAC2,POLA2
HDAC2,CCNE2
HDAC2,STT3B
HDAC2,ORC2
HDAC2,ARHGAP19
HDAC2,SLC25A38
HDAC2,XPNPEP1
HDAC2,EIF2S1
HDAC2,EIF5A
HDAC2,PIGQ
HDAC2,TYMS
HDAC2,MGST3
HDAC2,TBC1D10C
HDAC2,ALDH18A1
HDAC2,SLC25A3
HDAC2,COX6B1
HDAC2,CARHSP1
HDAC2,RCC1
HDAC2,FECH
HDAC2,TNFAIP8
HDAC2,TUBA1B
HDAC2,DDIAS
HDAC2,CIP2A
HDAC2,GMNN
HDAC2,DDX39
HDAC2,CBX5
HDAC2,IDH3A
HDAC2,HSPA8
HDAC2,CYC1
HDAC2,TUBB4B
HDAC2,CDC45
HDAC2,SPC24
HDAC2,HMMR
HDAC2,CDC7
HDAC2,EIF3G
HDAC2,NCL
HDAC2,FTH1
HDAC2,CYTH3
HDAC2,GSTM1
HDAC2,UROS
HDAC2,AP3S1
HDAC2,TSPAN33
HDAC2,CDCA3
HDAC2,SMC4
HDAC2,PRIM1
HDAC2,VAMP5
HDAC2,JUNB
HDAC2,LGALS9
HDAC2,FAM126A
HDAC2,PLPP1
HDAC2,H2AFX
HDAC2,STAT6
HDAC2,AURKB
HDAC2,HNRNPAB
HDAC2,PCLAF
HDAC2,ACSS1
HDAC2,CS
HDAC2,POU2AF1
HDAC2,SLC29A1
HDAC2,PHF10
HDAC2,SLC25A5
HDAC2,ARHGDIB
HDAC2,TMEM173
HDAC2,ATP5B
HDAC2,BIN2
HDAC2,RRM2
HDAC2,LSP1
HDAC2,PRKAR2B
HDAC2,CD63
HDAC2,PPM1L
HDAC2,D1ERTD622E
HDAC2,ADGRG1
HDAC2,CRIP2
HDAC2,GFI1
HDAC2,MYH10
HDAC2,LIMD2
HDAC2,CTLA2A
HDAC2,EPOR
HDAC2,FAM234B
HDAC2,SLC39A8
HDAC2,PIK3IP1
HDAC2,FOXO1
HDAC2,GFI1B
HDAC2,REEP6
HDAC2,BCL11B
HDAC2,SLC43A1
HDAC2,GIMAP5
HDAC2,SPIRE1
HDAC2,ELMO1
HDAC2,MNDAL
HDAC2,GNG11
HDAC2,ESR1
HDAC2,SERPINA3G
HDAC2,HCFC1
HDAC2,HACD4
HDAC2,CORO1A
HDAC2,GIMAP1
HDAC2,TUBB5
HDAC2,IFITM3
HDAC2,PLCB2
HDAC2,SLC40A1
HDAC2,ARHGEF6
HDAC2,MYLK3
HDAC2,COX7B
HDAC2,IKZF1
HDAC2,SMIM1
HDAC2,MFSD2B
HDAC2,MECOM
HDAC2,IRF8
HDAC2,NFIA
HDAC2,LTB
HDAC2,SPTA1
HDAC2,LYZ2
HDAC2,LY6A
HDAC2,CD27
HDAC2,PAQR9
HDAC2,RAG2
HDAC2,ALDH1A1
HDAC2,SH3TC2
IKZF1,ASF1B
IKZF1,ATP5F1
IKZF1,NHP2
IKZF1,TYMS
IKZF1,GSTM1
IKZF1,TOMM40
IKZF1,NUP93
IKZF1,NUP155
IKZF1,ARHGDIB
IKZF1,SLC25A38
IKZF1,EIF2S1
IKZF1,HSPA8
IKZF1,POLD1
IKZF1,NUF2
IKZF1,EIF5A
IKZF1,SLC39A8
IKZF1,CDC20
IKZF1,DTL
IKZF1,MDH2
IKZF1,IKZF1
IKZF1,CKAP2L
IKZF1,BIRC5
IKZF1,POU2AF1
IKZF1,CCNA2
IKZF1,ORC5
IKZF1,ME2
IKZF1,PBK
IKZF1,NUP107
IKZF1,ACSS1
IKZF1,PPAT
IKZF1,CIP2A
IKZF1,CDT1
IKZF1,CDC7
IKZF1,METTL8
IKZF1,TXNL1
IKZF1,RANBP1
IKZF1,LIMD2
IKZF1,SLBP
IKZF1,KIF20B
IKZF1,TUBA1B
IKZF1,SERPINA3G
IKZF1,ECT2
IKZF1,DDIAS
IKZF1,GTF2F1
IKZF1,STAT6
IKZF1,TBC1D10C
IKZF1,GIMAP5
IKZF1,PRC1
IKZF1,SMC2
IKZF1,ANXA5
IKZF1,CBX5
IKZF1,SOD1
IKZF1,TNFAIP8
IKZF1,RRM1
IKZF1,ELMO1
IKZF1,TMEM173
IKZF1,RFESD
IKZF1,GFI1
IKZF1,ADGRG1
IKZF1,PLCB2
IKZF1,GFI1B
IKZF1,CTLA2A
IKZF1,DCK
IKZF1,FPGS
IKZF1,AP3S1
IKZF1,PSMD9
IKZF1,EIF3G
IKZF1,CKAP2
IKZF1,RAG2
IKZF1,CORO1A
IKZF1,PNO1
IKZF1,CKS1B
IKZF1,HSP90AA1
IKZF1,CENPK
IKZF1,LSP1
IKZF1,VKORC1L1
IKZF1,LARS2
IKZF1,GIMAP1
IKZF1,SLC43A1
IKZF1,PCLAF
IKZF1,FAM126A
IKZF1,ESCO2
IKZF1,NOLC1
IKZF1,PRKAR2B
IKZF1,SMC4
IKZF1,REEP6
IKZF1,NPM1
IKZF1,PPM1L
IKZF1,LGALS9
IKZF1,TUBB4B
IKZF1,LIG1
IKZF1,C1QBP
IKZF1,D1ERTD622E
IKZF1,HSPE1
IKZF1,FECH
IKZF1,NUP85
IKZF1,INCENP
IKZF1,GMNN
IKZF1,HDAC2
IKZF1,FOXO1
IKZF1,PIGQ
IKZF1,TACC3
IKZF1,UROS
IKZF1,H2AFX
IKZF1,XPNPEP1
IKZF1,ATP5G1
IKZF1,CDC45
IKZF1,SLC25A3
IKZF1,RRM2
IKZF1,ORC2
IKZF1,RPS27L
IKZF1,PHF10
IKZF1,JUNB
IKZF1,FTH1
IKZF1,HNRNPAB
IKZF1,RCC1
IKZF1,DDX39
IKZF1,CCNE2
IKZF1,VAMP5
IKZF1,MTHFD1
IKZF1,CS
IKZF1,ADK
IKZF1,PIK3IP1
IKZF1,PRIM1
IKZF1,CARHSP1
IKZF1,CAD
IKZF1,DDX21
IKZF1,ALDH18A1
IKZF1,SLC25A5
IKZF1,MYH10
IKZF1,HAGH
IKZF1,PSME3
IKZF1,CRIP2
IKZF1,MGST3
IKZF1,BIN2
IKZF1,NECAP2
IKZF1,HDGF
IKZF1,LYZ2
IKZF1,HLF
IKZF1,AURKB
IKZF1,MNDAL
IKZF1,HCFC1
IKZF1,SLC20A1
IKZF1,CDC6
IKZF1,SPC24
IKZF1,IDH3A
IKZF1,COX6B1
IKZF1,POLA2
IKZF1,CDCA3
IKZF1,NCL
IKZF1,ARHGEF6
IKZF1,STT3B
IKZF1,KNSTRN
IKZF1,IRF8
IKZF1,LTB
IKZF1,DHFR
IKZF1,TOMM22
IKZF1,PLPP1
IKZF1,ESR1
IKZF1,CYTH3
IKZF1,CYC1
IKZF1,ARHGAP19
IKZF1,FAM234B
IKZF1,ATP5B
IKZF1,IFITM3
IKZF1,SLC29A1
IKZF1,HMMR
IKZF1,TSPAN33
IKZF1,BCL11B
IKZF1,TUBB5
IKZF1,PRSS50
IKZF1,SPIRE1
IKZF1,COX7B
IKZF1,HACD4
IKZF1,CD27
IKZF1,NFIA
IKZF1,TXNRD2
IKZF1,EPOR
IKZF1,LY6A
IRF8,LSP1
IRF8,PLPP1
IRF8,ELMO1
IRF8,ARHGEF6
IRF8,RFESD
IRF8,ME2
IRF8,IKZF1
IRF8,HAGH
IRF8,HSPE1
IRF8,BIN2
IRF8,TNFAIP8
IRF8,TBC1D10C
IRF8,ARHGDIB
IRF8,MNDAL
IRF8,RANBP1
IRF8,TMEM173
IRF8,IFITM3
IRF8,GFI1B
IRF8,SERPINA3G
IRF8,NUF2
IRF8,HACD4
IRF8,GIMAP5
IRF8,ALDH18A1
IRF8,TUBB4B
IRF8,CCNE2
IRF8,CENPK
IRF8,PIK3IP1
IRF8,SMC2
IRF8,KIF20B
IRF8,CKAP2L
IRF8,D1ERTD622E
IRF8,NUP155
IRF8,KNSTRN
IRF8,METTL8
IRF8,EIF2S1
IRF8,STT3B
IRF8,CDCA3
IRF8,LGALS9
IRF8,BIRC5
IRF8,NUP107
IRF8,HDGF
IRF8,PIGQ
IRF8,ESR1
IRF8,STAT6
IRF8,ORC5
JUNB,CDT1
JUNB,LSP1
JUNB,PLPP1
JUNB,MNDAL
JUNB,LY6A
JUNB,ADGRG1
JUNB,POU2AF1
JUNB,ARHGDIB
JUNB,SERPINA3G
JUNB,PRSS50
JUNB,RCC1
JUNB,ANXA5
JUNB,CTLA2A
JUNB,LGALS9
JUNB,ELMO1
JUNB,HSP90AA1
JUNB,EIF5A
JUNB,IFITM3
JUNB,IKZF1
JUNB,D1ERTD622E
JUNB,HACD4
JUNB,CS
JUNB,SLC39A8
JUNB,RANBP1
JUNB,LYZ2
JUNB,JUNB
JUNB,ATP5G1
JUNB,MDH2
JUNB,NUF2
JUNB,ME2
JUNB,GSTM1
JUNB,INCENP
JUNB,CBX5
JUNB,TOMM40
JUNB,NECAP2
JUNB,SPIRE1
JUNB,MGST3
JUNB,TNFAIP8
JUNB,ARHGAP19
JUNB,DHFR
JUNB,ESR1
JUNB,GTF2F1
JUNB,HSPA8
JUNB,CD63
JUNB,LIMD2
JUNB,ALDH18A1
JUNB,SLC29A1
JUNB,TXNL1
JUNB,NUP155
JUNB,SLC25A38
JUNB,NUP93
JUNB,DDIAS
JUNB,HDGF
JUNB,NOLC1
JUNB,EIF2S1
JUNB,GIMAP5
JUNB,BIN2
JUNB,RRM1
JUNB,PPM1L
JUNB,CDCA3
JUNB,TACC3
JUNB,VKORC1L1
JUNB,CDC45
JUNB,PSMD9
JUNB,RRM2
JUNB,ECT2
JUNB,PBK
JUNB,CCNA2
JUNB,GFI1
JUNB,PIGQ
JUNB,ESCO2
JUNB,RPS27L
JUNB,CKAP2L
JUNB,IRF8
JUNB,CYTH3
JUNB,GFI1B
JUNB,TMEM173
JUNB,BIRC5
JUNB,SOD1
JUNB,PSME3
JUNB,ADK
JUNB,LARS2
JUNB,H2AFX
JUNB,STAT6
JUNB,HSPE1
JUNB,XPNPEP1
JUNB,CENPK
JUNB,FAM126A
JUNB,C1QBP
JUNB,ORC5
JUNB,ATP5F1
JUNB,GDF3
POU2AF1,NUP107
POU2AF1,RANBP1
POU2AF1,NUF2
POU2AF1,BIRC5
POU2AF1,HSP90AA1
POU2AF1,CENPK
POU2AF1,MTHFD1
POU2AF1,NPM1
POU2AF1,H2AFX
POU2AF1,DTL
POU2AF1,TOMM40
POU2AF1,HDGF
POU2AF1,NOLC1
POU2AF1,RRM1
POU2AF1,CDT1
POU2AF1,TUBA1B
POU2AF1,EIF5A
POU2AF1,CAD
POU2AF1,CBX5
POU2AF1,POLA2
POU2AF1,CCNA2
POU2AF1,PRC1
POU2AF1,PNO1
POU2AF1,GTF2F1
POU2AF1,VKORC1L1
POU2AF1,SLC25A3
POU2AF1,TOMM22
POU2AF1,NUP93
POU2AF1,NUP155
POU2AF1,SLBP
POU2AF1,MGST3
POU2AF1,HSPE1
POU2AF1,DDIAS
POU2AF1,GMNN
POU2AF1,RFESD
POU2AF1,SMC4
POU2AF1,ATP5G1
POU2AF1,ANXA5
POU2AF1,POLD1
POU2AF1,DHFR
POU2AF1,HNRNPAB
POU2AF1,PPAT
POU2AF1,ADK
POU2AF1,EIF2S1
POU2AF1,FPGS
POU2AF1,NUP85
POU2AF1,NCL
POU2AF1,CDC7
POU2AF1,RPS27L
POU2AF1,TXNL1
POU2AF1,CDC6
POU2AF1,LIG1
POU2AF1,NECAP2
POU2AF1,SLC25A38
POU2AF1,ATP5F1
POU2AF1,DDX39
POU2AF1,IRF8
POU2AF1,TUBB4B
POU2AF1,HSPA8
POU2AF1,ECT2
POU2AF1,COX6B1
POU2AF1,SLC25A5
POU2AF1,STT3B
POU2AF1,ORC5
POU2AF1,ARHGAP19
POU2AF1,HMMR
POU2AF1,DDX21
POU2AF1,CKS1B
POU2AF1,ORC2
POU2AF1,EIF3G
POU2AF1,ASF1B
POU2AF1,TACC3
POU2AF1,LARS2
POU2AF1,PSMD9
POU2AF1,METTL8
POU2AF1,POU2AF1
POU2AF1,SPC24
POU2AF1,CIP2A
POU2AF1,ALDH18A1
POU2AF1,SOD1
POU2AF1,GFI1
POU2AF1,DCK
POU2AF1,CCNE2
POU2AF1,ME2
POU2AF1,ATP5B
POU2AF1,PIGQ
POU2AF1,STAT6
POU2AF1,LGALS9
POU2AF1,HAGH
POU2AF1,VAMP5
POU2AF1,C1QBP
RAG2,SLBP
RAG2,CDCA3
RAG2,HDAC2
RAG2,AP3S1
RAG2,PPM1L
RAG2,CKS1B
RAG2,UROS
RAG2,PSMD9
RAG2,ARHGAP19
RAG2,IDH3A
RAG2,DHFR
RAG2,CDC7
RAG2,SMC2
RAG2,PNO1
RAG2,RRM1
RAG2,SLC25A3
RAG2,RFESD
RAG2,PSME3
RAG2,DDX39
RAG2,TUBA1B
RAG2,ADK
RAG2,NUP107
RAG2,TOMM40
RAG2,RCC1
RAG2,ATP5B
RAG2,GMNN
RAG2,NCL
RAG2,METTL8
RAG2,HSP90AA1
RAG2,EIF2S1
RAG2,HMMR
RAG2,HNRNPAB
RAG2,SLC20A1
RAG2,DTL
RAG2,SLC25A38
RAG2,FTH1
RAG2,CDC45
RAG2,C1QBP
RAG2,CIP2A
RAG2,ACSS1
RAG2,NUP155
RAG2,ATP5F1
RAG2,ECT2
RAG2,GIMAP1
RAG2,MGST3
RAG2,D1ERTD622E
RAG2,NECAP2
RAG2,COX6B1
RAG2,XPNPEP1
RAG2,H2AFX
RAG2,EIF5A
RAG2,DCK
RAG2,TXNL1
RAG2,HSPA8
RAG2,PPAT
RAG2,ME2
RAG2,CCNE2
RAG2,DDIAS
RAG2,RPS27L
RAG2,SOD1
RAG2,LARS2
RAG2,PHF10
RAG2,RANBP1
RAG2,HAGH
RAG2,TACC3
RAG2,KIF20B
RAG2,CBX5
RAG2,JUNB
RAG2,HDGF
RAG2,SLC25A5
RAG2,NOLC1
RAG2,CS
RAG2,BIRC5
RAG2,HSPE1
RAG2,ATP5G1
RAG2,ANXA5
RAG2,MDH2
RAG2,PIGQ
RAG2,CENPK
RAG2,RRM2
RAG2,ORC5
RAG2,FAM234B
RAG2,TOMM22
RAG2,PRKAR2B
RAG2,STAT6
RAG2,AURKB
RAG2,EIF3G
RAG2,LIMD2
RAG2,TUBB4B
RAG2,TUBB5
RAG2,FOXO1
RAG2,DDX21
RAG2,CKAP2
RAG2,PRC1
RAG2,GTF2F1
RAG2,TYMS
RAG2,CDT1
RAG2,FECH
RAG2,PIK3IP1
RAG2,RAG2
RAG2,INCENP
RAG2,ORC2
RAG2,LSP1
RAG2,LTB
RAG2,NUP93
RAG2,NUP85
RAG2,STT3B
RAG2,LIG1
RAG2,NUF2
RAG2,CRIP2
RAG2,TNFAIP8
RAG2,ALDH18A1
RAG2,BIN2
RAG2,CDC20
RAG2,ARHGDIB
RAG2,KNSTRN
RAG2,ASF1B
RAG2,ELMO1
RAG2,POLA2
RAG2,NPM1
RAG2,MNDAL
RAG2,FAM126A
RAG2,SMC4
RAG2,CORO1A
RAG2,GSTM1
RAG2,PLCB2
RAG2,PRIM1
RAG2,IKZF1
RAG2,COX7B
RAG2,CKAP2L
RAG2,CYTH3
RAG2,LGALS9
RAG2,VAMP5
RAG2,NHP2
RAG2,CYC1
RAG2,TXNRD2
RAG2,SPC24
RAG2,FPGS
RAG2,PBK
RAG2,POLD1
RAG2,PLPP1
RAG2,GFI1
RAG2,HCFC1
RAG2,VKORC1L1
RAG2,SLC43A1
RAG2,CCNA2
RAG2,SLC29A1
RAG2,CD27
RAG2,ESR1
RAG2,ARHGEF6
RAG2,SLC39A8
RAG2,CARHSP1
RAG2,MTHFD1
RAG2,MYH10
RAG2,TBC1D10C
RAG2,BCL11B
RAG2,CAD
RAG2,POU2AF1
RAG2,CDC6
RAG2,ADGRG1
RAG2,TSPAN33
RAG2,GIMAP5
RAG2,SERPINA3G
RAG2,IRF8
RAG2,TMEM173
RAG2,HBA-A2
RAG2,PCLAF
RAG2,NFIA
RAG2,GFI1B
RAG2,MFSD2B
RAG2,ESCO2
RAG2,CD63
RAG2,CLDN13
RAG2,ADD2
RAG2,HLF
RAG2,SPTA1
RAG2,SH3TC2
RAG2,IFITM3
RAG2,PRSS50
RAG2,ESAM
RAG2,SLC40A1
RAG2,MYLK3
RAG2,LYZ2
STAT6,IKZF1
STAT6,SERPINA3G
STAT6,HAGH
STAT6,EIF5A
STAT6,GTF2F1
STAT6,SLC20A1
STAT6,TNFAIP8
STAT6,JUNB
STAT6,MNDAL
STAT6,ARHGDIB
STAT6,TMEM173
STAT6,RFESD
STAT6,CDCA3
STAT6,EIF2S1
STAT6,CYTH3
STAT6,NUF2
STAT6,ATP5F1
STAT6,CTLA2A
STAT6,COX6B1
STAT6,NCL
STAT6,DDX39
STAT6,CCNE2
STAT6,TUBB5
STAT6,SLC39A8
STAT6,NPM1
STAT6,ATP5G1
STAT6,GFI1
STAT6,TUBB4B
STAT6,ORC5
STAT6,PNO1
STAT6,POU2AF1
STAT6,PSMD9
STAT6,NOLC1
STAT6,SOD1
STAT6,ANXA5
STAT6,STT3B
STAT6,ALDH18A1
STAT6,C1QBP
STAT6,D1ERTD622E
STAT6,CDT1
STAT6,RANBP1
STAT6,UROS
STAT6,FTH1
STAT6,RRM1
STAT6,CENPK
STAT6,PRC1
STAT6,RPS27L
STAT6,HSPA8
STAT6,HNRNPAB
STAT6,TOMM22
STAT6,GIMAP5
STAT6,H2AFX
STAT6,ADK
STAT6,NECAP2
STAT6,HSPE1
STAT6,MTHFD1
STAT6,LY6A
STAT6,PRKAR2B
STAT6,PPM1L
STAT6,LARS2
STAT6,XPNPEP1
STAT6,NUP107
STAT6,IRF8
STAT6,LIG1
STAT6,VKORC1L1
STAT6,DDX21
STAT6,GNG11
STAT6,PSME3
STAT6,PPAT
STAT6,CDC45
STAT6,MDH2
STAT6,CAD
STAT6,AP3S1
STAT6,SLBP
STAT6,INCENP
STAT6,ECT2
STAT6,TXNL1
STAT6,DDIAS
STAT6,ASF1B
STAT6,CKS1B
STAT6,PIGQ
STAT6,HACD4
STAT6,CBX5
STAT6,GSTM1
STAT6,EIF3G
STAT6,NUP155
STAT6,HDGF
STAT6,ARHGAP19
STAT6,SLC25A38
STAT6,KNSTRN
STAT6,CCNA2
STAT6,NUP93
STAT6,HDAC2
STAT6,CDC6
STAT6,ORC2
STAT6,BIRC5
STAT6,SMC4
STAT6,DTL
STAT6,TYMS
STAT6,HSP90AA1
STAT6,METTL8
STAT6,DHFR
STAT6,ME2
STAT6,KIF20B
STAT6,LGALS9
STAT6,POLD1
STAT6,PBK
STAT6,HMMR
STAT6,PLPP1
STAT6,NUP85
STAT6,SLC29A1
STAT6,STAT6
STAT6,TUBA1B
STAT6,ESR1
STAT6,TACC3
STAT6,PRIM1
